,Precision,Recall,F1
Counter Argument_1,0.8522462844848633,0.8276759386062622,0.8397093415260315
Counter Argument 2,0.8526030778884888,0.8306341767311096,0.8413242697715759
Llama-1B Outputs,0.8712275624275208,0.8746499419212341,0.8729038238525391
Phi-3 Outputs,0.8537931442260742,0.8631761074066162,0.8584286570549011
Tiny-Llama,0.8715341091156006,0.8700350522994995,0.8707401752471924
