{"eval/samples_per_second":20.612,"train_steps_per_second":1.22,"_runtime":818.591167136,"train/global_step":1000,"train_loss":1.3684440841674805,"train/epoch":2,"_step":12,"eval/loss":1.7250041961669922,"train_samples_per_second":4.88,"train/loss":1.2664,"total_flos":7.836563845103616e+15,"_wandb":{"runtime":819},"train/grad_norm":5.397653579711914,"eval/steps_per_second":10.316,"eval/runtime":47.8855,"train_runtime":819.7417,"train/learning_rate":3.3333333333333335e-07,"_timestamp":1.7339902454273052e+09}